FinishTime(s),Status,TimeCost(ms)
2.006931,error,2006
2.006931,error,2006
2.006931,error,2006
2.006931,error,2006
2.006931,error,2005
4.019580,error,2008
4.019580,error,2008
4.019580,error,2008
4.019580,error,2008
4.019580,error,2008
6.027109,error,2005
6.027109,error,2005
6.027109,error,2007
6.027109,error,2005
6.027109,error,2002
8.037105,error,2006
8.037162,error,2008
8.037162,error,2007
8.037162,error,2006
8.037162,error,2005
10.044132,error,2004
10.044132,error,2002
10.044132,error,2005
10.044132,error,2002
10.044132,error,2003
12.055596,error,2009
12.055596,error,2007
12.055596,error,2008
12.055596,error,2009
12.055596,error,2009
14.067330,error,2006
14.067330,error,2008
14.067330,error,2007
14.067330,error,2007
14.067855,error,2008
16.075437,error,2002
16.075437,error,2005
16.075437,error,2004
16.075606,error,2003
16.075606,error,2006
18.092702,error,2014
18.092702,error,2013
18.092702,error,2015
18.092702,error,2013
18.092702,error,2014
20.101007,error,2004
20.101007,error,2006
20.101485,error,2005
20.101485,error,2007
20.101485,error,2005
22.109803,error,2005
22.110036,error,2004
22.110036,error,2002
22.110036,error,2003
22.110036,error,2006
24.119132,error,2005
24.119132,error,2002
24.119132,error,2004
24.119654,error,2007
24.119654,error,2005
26.126910,error,2005
26.127439,error,2004
26.127439,error,2004
26.127439,error,2006
26.127439,error,2004
28.150823,error,2007
28.150823,error,2009
28.150823,error,2007
28.150823,error,2007
28.150823,error,2007
30.157164,error,2004
30.157164,error,2002
30.157615,error,2003
30.157615,error,2003
30.157615,error,2004
32.180082,error,2012
32.180082,error,2015
32.180082,error,2013
32.180082,error,2012
32.180082,error,2014
34.184300,error,2001
34.184300,error,2002
34.184300,error,2001
34.184300,error,2001
34.191412,error,2006
36.197018,error,2005
36.197018,error,2003
36.197018,error,2004
36.197018,error,2004
36.197018,error,2002
38.204971,error,2003
38.204971,error,2003
38.204971,error,2005
38.205764,error,2007
38.205764,error,2003
40.212386,error,2005
40.212386,error,2004
40.212386,error,2004
40.212386,error,2002
40.212386,error,2003
